{"amplitude": -2099.1410410987005, "center": 1148.103068927746, "sigma": 220.14077336433297, "a1": -0.23797292451407892, "a2": -0.01815030364594561, "a3": -0.030000000002247784, "b": 2.5888127380975208}