{"amplitude": -41.39771453240134, "center": 7.0540817825126165, "sigma": 2.4728883776560977}