{"amplitude": -41.39771453240134, "center": 7.0540817825126165, "sigma": 2.4728883776560977, "a1": -0.40966432101604044, "a2": -0.0677658868448594, "a3": 0.45432055749008726, "b": 5.017603903358826}