{"amplitude": -2691.299904178221, "center": 1148.1030691544445, "sigma": 220.14082403017397}