{"amplitude": -2099.1410410987005, "center": 1148.103068927746, "sigma": 220.14077336433297}