{"amplitude": -29.691223980036874, "center": 12.554226028582255, "sigma": 2.175542121672923, "a1": -0.40966432101604044, "a2": -0.0677658868448594, "a3": 0.45432055749008726, "b": 5.017603903358826}