{"amplitude": 0.0, "center": 0.0, "sigma": 3.833333333333334, "a1": -0.5874957581634004, "a2": -0.08178442236442662, "a3": 0.18423143881028348, "b": 7.0213908100026785}