{
  "amplitude": -38.41480828478097,
  "center": 12.55439958766056,
  "sigma": 2.4848975071319184,
  "a1": -0.40966432101604044,
  "a2": -0.0677658868448594,
  "a3": 0.45432055749008726,
  "b": 5.017603903358826
}
