{"amplitude": -0.03470753978465797, "center": 12.382179216606431, "sigma": 2.0572438365098296, "a1": -0.0002781710073669113, "a2": -7.857642067889012e-05, "a3": -0.000419354869322295, "b": 0.005258055998011564}