{"amplitude": -13.08443421420587, "center": 12.382179216512876, "sigma": 2.057243828355853, "a": -0.5058449711778293, "b": -0.07053617552583201, "c": 0.1534572348675125, "d": 6.284470334328825}