{"amplitude": -23.136445197345815, "center": 12.554300912440926, "sigma": 2.2825363865104666}