{"amplitude": -38.41480828478097, "center": 12.55439958766056, "sigma": 2.4848975071319184}