{"amplitude": -41.52952358763338, "center": 12.554399588173194, "sigma": 2.484897640426654}