{"amplitude": -24.17352362622854, "center": 12.554306154617786, "sigma": 2.2908879496645485}