{"amplitude": -17.81477347037299, "center": 12.554226013368629, "sigma": 2.1755516673715287}