{"amplitude": -13.08443421420587, "center": 12.382179216512876, "sigma": 2.057243828355853}