{"amplitude": -0.03470753978465797, "center": 12.382179216606431, "sigma": 2.0572438365098296}