{"amplitude": -25.28430337976477, "center": 12.554311265400557, "sigma": 2.299082675598178}