{"amplitude": -29.691223980036874, "center": 12.554226028582255, "sigma": 2.175542121672923}