{"amplitude": -20.983594448520165, "center": 11.676808528833082, "sigma": 2.1972920337415407, "a1": -0.3084871148829278, "a2": -0.026966228663032936, "a3": -0.2399642834250008, "b": 3.4697556325614376}