{
  "amplitude": -20.98358207635083,
  "center": 13.676808535648442,
  "sigma": 2.1972894428443017,
  "a1": -0.3084871148829278,
  "a2": -0.026966228663032936,
  "a3": -0.2399642834250008,
  "b": 3.4697556325614376
}
