{"amplitude": -9.366026156662988, "center": 13.506256084736485, "sigma": 1.927965707279299, "a": -0.8983574187292234, "b": -0.09098413671240224, "c": 0.04396177751936137, "d": 7.908018875123758}