{"amplitude": -18.542442491703607, "center": 13.676820920206742, "sigma": 2.1451821153257233, "a1": -0.3084871148829278, "a2": -0.026966228663032936, "a3": -0.2399642834250008, "b": 3.4697556325614376}