{"amplitude": -14.08066878075468, "center": 13.676820920014354, "sigma": 2.1451825759392062}