{"amplitude": -18.542442491703607, "center": 13.676820920206742, "sigma": 2.1451821153257233}