{"amplitude": -9.366026156662988, "center": 13.506256084736485, "sigma": 1.927965707279299}