{"amplitude": -15.592404216454005, "center": 13.67681214476961, "sigma": 2.155477444304368}