{"amplitude": -20.983594448520165, "center": 11.676808528833082, "sigma": 2.1972920337415407}