{"amplitude": -0.03067179709788876, "center": 13.506256084965957, "sigma": 1.9279656530188718}