{"amplitude": -20.98358207635083, "center": 13.676808535648442, "sigma": 2.1972894428443017}