{"amplitude": -17.78041245682871, "center": 13.676810767816475, "sigma": 2.160598603346397}